https://farm5.staticflickr.com/4707/38487451420_01f7822fbf_b.jpg,2018:02:16,10:21:30,60.169061,24.942797,"icee, street, winter, snow, city, woman, people, cold, traditional, religion",2.1527,1.9171,contented
https://farm5.staticflickr.com/4709/39399779925_35a5a58cfd_b.jpg,2018:02:16,10:21:40,60.169075,24.942800,"winter, cold, snow, no person, icee, traditional, street, frost, city, old",1.9984,1.7464,sad
https://farm5.staticflickr.com/4673/25414431977_e43b14e614_b.jpg,2018:02:15,18:02:51,60.167988,24.835827,"road, sunset, street, travel, transportation system, evening, sky, dawn, highway, light",2.2308,1.7463,serene
https://farm5.staticflickr.com/4621/40295718951_5341b8aec5_b.jpg,2018:02:15,17:13:36,60.166905,24.826633,"water, no person, landscape, sky, sunset, seashore, beach, sea, daylight, outdoors",2.5918,1.7144,serene
https://farm5.staticflickr.com/4767/25415878117_6ea6225cc7_b.jpg,2018:02:15,10:06:14,60.273888,24.808055,"no person, coffee, chocolate, delicious, breakfast, sugar, cream, food, baking, sweet",2.3786,1.5481,serene
https://farm5.staticflickr.com/4606/40282695621_f968483bf5_b.jpg,2018:02:15,08:55:21,60.170005,24.947777,"furniture, room, indoors, seat, table, interior design, chair, home, wood, house",2.0708,1.3775,relaxed
https://farm5.staticflickr.com/4667/40237818762_d63c4f70fd_b.jpg,2018:02:15,08:54:34,60.169941,24.947813,"indoors, box, furniture, no person, contemporary, wood, family, room, counter, business",1.7874,1.5906,sad
https://farm5.staticflickr.com/4743/40237817972_58bd14d855_b.jpg,2018:02:15,12:03:45,60.169230,24.950722,"transportation system, travel, street, city, road, vehicle, sky, traffic, car, urban",2.1583,2.037,happy
https://farm5.staticflickr.com/4603/40282695381_a876bb5a68_b.jpg,2018:02:15,12:01:05,60.168922,24.947838,"architecture, door, church, travel, no person, religion, entrance, doorway, old, building",1.8869,1.7796,miserable
https://farm5.staticflickr.com/4631/40282696261_d8dddf5749_b.jpg,2018:02:14,13:31:56,60.171488,24.925008,"no person, food, milk, sweet, coffee, chocolate, health, sugar, delicious, cream",2.3182,1.6825,serene
https://farm5.staticflickr.com/4660/26403416408_b67cfb8b3f_b.jpg,2018:02:14,09:35:25,60.226420,25.183990,"bird, wildlife, nature, no person, winter, snow, animal, outdoors, wild, feather",2.4058,1.9516,contented
https://farm5.staticflickr.com/4621/38452043230_2ff7eac8d5_b.jpg,2018:02:14,12:09:37,60.213330,24.983300,"bird, nest, nature, wildlife, no person, dame, outdoors, animal, winter, food",2.3831,1.8809,contented
https://farm5.staticflickr.com/4668/39534643074_1a33ae5c09_b.jpg,2018:02:13,09:35:47,60.186313,24.794194,"winter, snow, cold, frost, rope, no person, ice, security, outdoors, icee",2.1018,1.7917,contented
https://farm5.staticflickr.com/4760/26357322198_4cb3120966_b.jpg,2018:02:12,21:13:16,60.160775,24.917711,"people, one, adult, boy, child, wear, competition, action, happiness, man",2.1701,2.2557,elated
https://farm5.staticflickr.com/4749/26349456438_1fb2e59a5a_b.jpg,2018:02:12,13:10:28,60.168144,24.942536,"love, no person, romance, bright, shining, romantic, heart, glass items, gift, Christmas",2.4199,2.1063,happy
https://farm5.staticflickr.com/4618/40187081652_46066324fc_b.jpg,2018:02:12,08:13:16,60.237330,24.966277,"snow, winter, cold, weather, ice, frozen, frost, landscape, snowstorm, frosty",1.8081,1.6901,sad
https://farm5.staticflickr.com/4656/26349456998_c2afe52306_b.jpg,2018:02:12,12:56:28,60.167777,24.942894,"symbol, decoration, celebration, art, no person, traditional, design, color, desktop, culture",2.1606,1.8959,contented
https://farm5.staticflickr.com/4621/40249524371_a13810f4a7_b.jpg,2018:02:11,17:33:32,60.166962,24.957976,"water, travel, vacation, city, tourism, no person, dug-out pool, leisure, luxury, outdoors",2.473,2.0169,happy
https://farm5.staticflickr.com/4631/39351561185_cddc32a5ec_b.jpg,2018:02:11,17:20:04,60.166856,24.957890,"dug-out pool, water, swimming, swimming pool, recreation, leisure, competition, resort, city, travel",2.2644,2.0217,happy
https://farm5.staticflickr.com/4657/40169373542_888fc07885_b.jpg,2018:02:11,12:13:38,60.219041,24.799688,"tree, wood, landscape, branch, nature, no person, park, fall, winter, trunk",2.1579,1.7604,contented
https://farm5.staticflickr.com/4744/25415876957_fab4722353_b.jpg,2018:02:10,23:17:18,60.322222,25.080555,"food, meat, meal, dinner, no person, lunch, cooking, baking, cheese, delicious",2.2302,1.7388,serene
https://farm5.staticflickr.com/4661/25415875427_3366296aaa_b.jpg,2018:02:10,21:26:50,60.322222,25.080277,"food, no person, wood, rice, vegetable, cooking, still life, nutrition, dinner, grow",2.2205,1.7174,serene
https://farm5.staticflickr.com/4754/39473099944_bd477523c2_b.jpg,2018:02:10,11:52:54,60.318333,24.970497,"airplane, aircraft, airport, transportation system, travel, vehicle, sky, no person, flight, jet",2.1576,2.084,happy
https://farm5.staticflickr.com/4665/39470773584_00fc4cea87_b.jpg,2018:02:10,12:09:04,60.208480,24.948211,"no person, steel, iron, desktop, wall, dark, architecture, texture, door, abstract",1.6667,1.5059,sad
https://farm5.staticflickr.com/4654/39282004925_3d5e6d8e77_b.jpg,2018:02:09,15:30:06,60.175788,24.955675,"no person, wood, industry, indoors, family, renovation, house, steel, room, food",2.0751,1.5922,serene
https://farm5.staticflickr.com/4653/39321655065_dbc4e4dbfa_b.jpg,2018:02:09,11:50:08,60.170022,24.948333,"no person, wood, indoors, outdoors, education, business, architecture, horizontal, text, furniture",1.8072,1.7335,sad
https://farm5.staticflickr.com/4613/39321655495_9a7f0a4584_b.jpg,2018:02:09,11:44:16,60.169738,24.948916,"horizontal, wall, no person, dirty, industry, steel, growth, pattern, wood, iron",1.7817,1.6629,sad
https://farm5.staticflickr.com/4610/40184114301_2047b8d6f0_b.jpg,2018:02:09,08:11:05,60.208255,25.043475,"snow, winter, cold, no person, weather, frost, building, outdoors, architecture, wood",1.977,1.8088,miserable
https://farm5.staticflickr.com/4706/25284673737_c7ea11d0f1_b.jpg,2018:02:08,20:00:06,60.322222,25.080555,"pizza, cheese, dough, food, pepperoni, lunch, mozzarella, dinner, no person, crust",2.1766,1.6181,serene
https://farm5.staticflickr.com/4745/39285313945_e151255999_b.jpg,2018:02:08,19:21:16,60.165480,24.967875,"performance, music, concert, festival, stage, band, singer, musician, light, public show",2.2319,2.1818,happy
https://farm5.staticflickr.com/4658/28400400229_65fac8e7c2_b.jpg,2018:02:08,19:20:57,60.165461,24.967836,"performance, music, stage, festival, musician, concert, singer, band, film festival, public show",2.2519,2.2274,happy
https://farm5.staticflickr.com/4702/25308849367_0a9e527ce1_b.jpg,2018:02:08,19:13:14,60.165516,24.967938,"music, performance, festival, concert, stage, musician, people, light, public show, band",2.2033,2.1872,happy
https://farm5.staticflickr.com/4675/39282004775_255aca7ba6_b.jpg,2018:02:08,19:07:02,60.165394,24.967866,"music, performance, stage, people, musician, band, singer, concert, festival, group",2.3179,2.2719,elated
https://upload.wikimedia.org/wikipedia/en/4/48/Blank.JPG,2018:02:08,18:24:34,60.178044,24.768011,"art, abstract, no person, illustration, design, disjunct, desktop, pattern, decoration, graphic",1.9472,1.5616,sad
https://farm5.staticflickr.com/4628/39266130295_386a7e4d5f_b.jpg,2018:02:08,17:21:17,60.165536,24.967372,"performance, concert, music, stage, light, festival, band, musician, people, singer",2.2979,2.2497,happy
https://upload.wikimedia.org/wikipedia/en/4/48/Blank.JPG,2018:02:08,16:17:50,60.177777,24.768605,"art, abstract, no person, illustration, design, disjunct, desktop, pattern, decoration, graphic",1.9472,1.5616,sad
https://upload.wikimedia.org/wikipedia/en/4/48/Blank.JPG,2018:02:08,16:09:49,60.174816,24.775863,"art, abstract, no person, illustration, design, disjunct, desktop, pattern, decoration, graphic",1.9472,1.5616,sad
https://upload.wikimedia.org/wikipedia/en/4/48/Blank.JPG,2018:02:08,15:13:28,60.169652,24.934808,"art, abstract, no person, illustration, design, disjunct, desktop, pattern, decoration, graphic",1.9472,1.5616,sad
https://upload.wikimedia.org/wikipedia/en/4/48/Blank.JPG,2018:02:08,14:59:10,60.168775,24.930877,"art, abstract, no person, illustration, design, disjunct, desktop, pattern, decoration, graphic",1.9472,1.5616,sad
https://farm5.staticflickr.com/4720/39453683484_e57aa82ff4_b.jpg,2018:02:08,10:48:12,60.175975,24.955094,"indoors, business, industry, merchandise, stock, technology, no person, shelf, commerce, shopping",1.8747,1.8087,miserable
https://farm5.staticflickr.com/4611/26276693528_ca3bf76dcf_b.jpg,2018:02:08,07:39:13,60.233916,24.965180,"road, snow, winter, car, transportation system, weather, vehicle, action, storm, street",2.1095,2.0534,happy
https://farm5.staticflickr.com/4764/28367807219_21dc24dc3b_b.jpg,2018:02:07,16:48:55,60.300566,24.841913,"no person, travel, aerial, road, winter, snow, transportation system, city, cold, outdoors",2.1435,2.1115,happy
https://farm5.staticflickr.com/4672/40132884211_221ac90818_b.jpg,2018:02:07,13:44:16,60.319152,24.963130,"snow, winter, vehicle, aircraft, transportation system, weather, airplane, cold, ice, frozen",1.8899,1.878,miserable
https://farm5.staticflickr.com/4652/28352262439_e5a5b416ea_b.jpg,2018:02:07,13:37:36,60.322052,24.960122,"water, fog, sea, landscape, watercraft, beach, seashore, ocean, vehicle, no person",2.2482,1.8731,contented
https://farm5.staticflickr.com/4723/26259032708_1f931f1a42_b.jpg,2018:02:07,13:36:00,60.353475,25.029727,"landscape, snow, no person, winter, mountain, travel, road, tree, outdoors, city",2.2464,1.8483,contented
https://farm5.staticflickr.com/4703/25261092337_f1f2b3590e_b.jpg,2018:02:07,13:35:06,60.377997,25.083930,"snow, landscape, winter, mountain, fog, weather, airplane, tree, cold, travel",1.9871,1.7569,miserable
https://farm5.staticflickr.com/4612/40099577922_7cc3ab0b26_b.jpg,2018:02:07,11:51:02,60.184636,24.960552,"no person, travel, building, architecture, house, city, water, sky, outdoors, transportation system",2.2536,2.0122,happy
https://farm5.staticflickr.com/4651/40099578742_dd290e815a_b.jpg,2018:02:07,11:51:21,60.184658,24.960447,"no person, travel, architecture, city, building, outdoors, urban, business, traffic, transportation system",1.8585,2.1604,upset
https://farm5.staticflickr.com/4674/39411061794_610bc398be_b.jpg,2018:02:06,22:39:50,60.322222,25.080277,"food, no person, cooking, baking, delicious, dinner, homemade, grow, lunch, meal",2.3343,1.9055,contented
https://farm5.staticflickr.com/4675/26248765508_9dbc513e3e_b.jpg,2018:02:06,22:38:13,60.322222,25.080555,"food, no person, meal, lunch, dinner, meat, baking, delicious, cooking, dish",2.1583,1.7372,serene
https://farm5.staticflickr.com/4708/39411059754_e5a4aca556_b.jpg,2018:02:06,22:05:37,60.322222,25.080000,"food, cooking, dinner, pasta, meal, lunch, no person, cuisine, meat, delicious",2.2302,1.7388,serene
https://farm5.staticflickr.com/4666/40090020612_c5fdccea89_b.jpg,2018:02:06,22:04:57,60.322222,25.080555,"food, no person, dinner, cooking, rice, cabbage, pasta, lunch, noodles, meal",2.1968,1.7388,serene
https://farm5.staticflickr.com/4661/26248761278_155a88b0ce_b.jpg,2018:02:06,21:50:02,60.322222,25.080555,"food, no person, wood, cooking, delicious, bowl, meal, grow, homemade, traditional",2.2409,1.8969,contented
https://farm5.staticflickr.com/4677/40090018102_fd5a0388e9_b.jpg,2018:02:06,21:55:54,60.322500,25.080555,"food, no person, delicious, nutrition, meal, sweet, grow, healthy, sauce, cuisine",2.5724,1.8419,contented
https://farm5.staticflickr.com/4719/26248763418_2349f6f473_b.jpg,2018:02:06,21:59:00,60.322222,25.080277,"food, no person, business, paper, indoors, still life, restaurant, car, luxury, vehicle",2.1339,1.7035,serene
https://farm5.staticflickr.com/4669/39411058194_bff15f15ae_b.jpg,2018:02:06,21:56:04,60.322222,25.080277,"food, no person, cooking, sweet, meal, delicious, bowl, cuisine, sugar, epicure",2.3095,1.7249,serene
https://farm5.staticflickr.com/4714/39411053914_d6919ac879_b.jpg,2018:02:06,20:40:40,60.321944,25.077500,"snow, winter, light, no person, storm, building, weather, ice, cold, calamity",1.844,1.8587,miserable
https://farm5.staticflickr.com/4625/26247943008_874e86a685_b.jpg,2018:02:06,19:12:38,60.213530,24.983285,"snow, winter, cold, tree, frost, ice, no person, weather, frozen, landscape",1.9363,1.6788,sad
https://farm5.staticflickr.com/4608/25250791217_0274fe2539_b.jpg,2018:02:06,13:14:22,60.179997,24.910930,"sunset, water, dawn, no person, landscape, nature, sky, beach, winter, dusk",2.5302,1.755,contented
https://farm5.staticflickr.com/4756/39401305434_bc4ce018f0_b.jpg,2018:02:06,09:14:42,60.191186,24.924072,"transportation system, bridge, travel, road, fast, urban, traffic, city, sky, car",2.1225,2.057,happy
https://farm5.staticflickr.com/4701/40071384902_49df67cc16_b.jpg,2018:02:05,22:10:09,60.185328,25.081250,"winter, snow, tree, cold, no person, wood, nature, frost, outdoors, landscape",2.236,1.6779,serene
https://farm5.staticflickr.com/4699/26229883588_baefafa715_b.jpg,2018:02:05,22:10:03,60.185328,25.081250,"snow, winter, cold, frost, tree, wood, nature, season, ice, frozen",2.1178,1.6283,serene
https://farm5.staticflickr.com/4747/26229880908_570d636dbb_b.jpg,2018:02:05,22:09:53,60.185328,25.081250,"wood, house, home, tree log, family, no person, demolition, abandoned, hurricane, building",2.1766,1.6291,serene
https://farm5.staticflickr.com/4606/40071362662_ab8fd152fe_b.jpg,2018:02:05,22:08:42,60.186737,25.077066,"snow, winter, water, nature, cold, no person, landscape, wood, ice, tree",2.1836,1.6761,serene
https://farm5.staticflickr.com/4750/39392109684_ed22899ce5_b.jpg,2018:02:05,22:09:36,60.185328,25.081250,"no person, house, wood, abandoned, building, home, tree log, rustic, calamity, barn",2.1131,1.5541,serene
https://farm5.staticflickr.com/4744/25231849687_a63364cb09_b.jpg,2018:02:05,22:09:49,60.185328,25.081250,"no person, winter, wood, snow, landscape, tree, outdoors, nature, travel, calamity",2.3891,1.8565,contented
https://farm5.staticflickr.com/4673/25231852637_94bc2abb24_b.jpg,2018:02:05,22:09:54,60.185328,25.081250,"abandoned, demolition, calamity, waste, no person, flame, decay, house, trash, broken",1.4714,1.8878,miserable
https://farm5.staticflickr.com/4697/28323022879_3312165a0e_b.jpg,2018:02:05,21:53:26,60.185718,25.076336,"wood, no person, signal, guidance, road, outdoors, tree, nature, winter, travel",2.3759,1.9628,contented
https://farm5.staticflickr.com/4662/25231650367_bb2df991de_b.jpg,2018:02:05,21:57:57,60.185718,25.076336,"no person, stone, rock, old, desktop, wall, dirty, wood, outdoors, nature",1.8632,1.4426,depressed
https://farm5.staticflickr.com/4630/28322738699_545c693ab8_b.jpg,2018:02:05,21:14:13,60.245144,24.751869,"desktop, light, insubstantial, design, dark, symbol, no person, shadow, shape, pattern",1.8305,1.4118,depressed
https://farm5.staticflickr.com/4626/39247963965_bc7a8d510b_b.jpg,2018:02:05,17:53:46,60.151155,24.874827,"water, sunset, dawn, reflection, river, lake, dusk, no person, bridge, evening",2.1952,1.6245,serene
https://farm5.staticflickr.com/4754/28332446049_fcc0ba2193_b.jpg,2018:02:05,17:10:33,60.218838,24.849005,"recreation, tree, competition, landscape, people, no person, outdoors, park, action, water",2.259,2.0061,happy
https://farm5.staticflickr.com/4670/40086634052_19b8e31b0c_b.jpg,2018:02:05,17:12:54,60.170895,24.931325,"bus, street, vehicle, car, travel, city, road, transportation system, tramway, traffic",2.0566,2.1226,happy
https://farm5.staticflickr.com/4613/25257918837_8c7ce57151_b.jpg,2018:02:05,16:56:53,60.152216,24.873916,"sunset, water, dawn, beach, no person, landscape, sea, ocean, evening, dusk",2.372,1.7307,serene
https://farm5.staticflickr.com/4622/39200524395_945cf4a89e_b.jpg,2018:02:05,13:07:35,60.215900,24.907552,"winter, tree, snow, landscape, wood, no person, cold, nature, weather, frost",2.1887,1.7182,serene
https://farm5.staticflickr.com/4759/40067324632_847f9bdb8b_b.jpg,2018:02:04,22:31:58,60.155063,24.953942,"astronomy, moon, galaxy, constellation, space, sky, telescope, exploration, eclipse, Orion",2.5222,1.9184,contented
https://farm5.staticflickr.com/4677/28319248369_3a6bf38591_b.jpg,2018:02:04,22:28:40,60.155368,24.953899,"moon, no person, sky, astronomy, landscape, winter, travel, outdoors, water, dark",2.345,1.857,contented
https://farm5.staticflickr.com/4702/39381600584_7a6f138b7c_b.jpg,2018:02:04,17:53:24,60.182105,24.953747,"no person, car, transportation system, vehicle, traffic, indoors, travel, outdoors, road, light",2.0689,2.1735,happy
https://farm5.staticflickr.com/4659/25207850067_01a1d79e02_b.jpg,2018:02:04,17:37:34,60.208144,24.947458,"portrait, people, one, girl, adult, man, landscape, light, winter, monochrome",1.9577,1.8617,miserable
https://farm5.staticflickr.com/4695/25221427817_2a1c6faaba_b.jpg,2018:02:04,17:18:22,60.144377,24.875322,"sunset, beach, water, dawn, dusk, sea, evening, sun, ocean, seashore",2.4386,1.7505,contented
https://farm5.staticflickr.com/4627/26208966558_d9d095bc8f_b.jpg,2018:02:04,17:12:28,60.144377,24.875322,"water, no person, travel, outdoors, landscape, winter, sky, beach, vehicle, seashore",2.5292,2.0799,happy
https://farm5.staticflickr.com/4713/40080509572_f2fcb8f831_b.jpg,2018:02:04,17:07:50,60.144444,24.875277,"sunset, water, sea, dawn, beach, dusk, ocean, evening, seashore, no person",2.4537,1.7557,contented
https://farm5.staticflickr.com/4696/39194112495_308cd22ac4_b.jpg,2018:02:04,16:48:34,60.237208,24.891716,"signalise, text, business, danger, security, safety, people, industry, transportation system, offense",2.0136,1.9483,contented
https://farm5.staticflickr.com/4762/26218610668_1ca5fb4341_b.jpg,2018:02:04,15:58:46,60.236527,24.974761,"portrait, people, adult, man, drag race, battle, one, business, offense, election",1.7273,2.0825,upset
https://farm5.staticflickr.com/4745/40123922931_213d8fce87_b.jpg,2018:02:04,15:35:56,60.229577,24.841505,"snow, winter, cold, house, wood, ice, bungalow, home, frost, frozen",1.9795,1.4948,depressed
https://farm5.staticflickr.com/4741/40082598371_02148240a5_b.jpg,2018:02:04,15:25:39,60.145873,24.890996,"swan, bird, water, lake, waterfowl, goose, mute, pool, no person, reflection",2.2795,1.8156,contented
https://farm5.staticflickr.com/4741/40047848932_22edd5f8a2_b.jpg,2018:02:04,14:32:10,60.151440,24.946764,"winter, snow, no person, water, sunset, dawn, recreation, outdoors, sun, landscape",2.356,1.7442,serene
https://farm5.staticflickr.com/4659/28300484029_41540cd028_b.jpg,2018:02:04,14:23:29,60.151632,24.952483,"water, no person, sea, ocean, seashore, beach, travel, snow, landscape, nature",2.4659,1.9297,contented
https://farm5.staticflickr.com/4650/40048061972_d42f2e6330_b.jpg,2018:02:04,14:19:40,60.151730,24.952719,"water, no person, sea, nature, landscape, beach, ocean, outdoors, travel, sky",2.5492,1.9547,contented
https://farm5.staticflickr.com/4616/39427517534_50e5336d1a_b.jpg,2018:02:04,14:06:01,60.205225,24.988800,"snow, winter, ice, frozen, frost, cold, landscape, tree, weather, road",1.9434,1.6651,sad
https://farm5.staticflickr.com/4626/40198194941_374e781d4a_b.jpg,2018:02:04,11:30:52,60.203140,24.936132,"vehicle, exhibition, competition, race, people, festival, bike, transportation system, carnival, wheel",2.2222,2.3529,elated
https://farm5.staticflickr.com/4653/40198105261_c4e3863fca_b.jpg,2018:02:04,11:24:56,60.203140,24.936132,"vehicle, race, exhibition, transportation system, car, public show, bike, carnival, fast, machine",2.1231,2.123,happy
https://farm5.staticflickr.com/4612/39486539814_1fdaa40939_b.jpg,2018:02:04,11:29:23,60.203140,24.936132,"vehicle, exhibition, people, festival, competition, transportation system, race, adult, carnival, bike",2.2666,2.38,elated
https://farm5.staticflickr.com/4653/39282087805_94161520c8_b.jpg,2018:02:04,11:00:40,60.203273,24.936389,"competition, people, bike, race, vehicle, festival, adult, seated, road, action",2.1761,2.27,elated
https://farm5.staticflickr.com/4702/40074365931_b8b56ef26b_b.jpg,2018:02:04,10:54:43,60.223763,24.685941,"water, no person, winter, wood, landscape, snow, tree, river, cold, ice",2.1213,1.6795,serene
https://farm5.staticflickr.com/4669/39309912095_77dcaa45a4_b.jpg,2018:02:04,10:34:10,60.203140,24.936132,"vehicle, transportation system, bike, car, exhibition, wheel, race, drive, fast, competition",2.1844,2.2645,elated
https://farm5.staticflickr.com/4620/40174637422_6081f9f95f_b.jpg,2018:02:04,10:32:09,60.203140,24.936132,"vehicle, exhibition, race, competition, bike, transportation system, car, people, action, drive",2.1844,2.3754,elated
https://farm5.staticflickr.com/4697/26218618738_ea07eeb5e9_b.jpg,2018:02:04,09:31:58,60.174855,24.950030,"car, vehicle, transportation system, street, road, travel, exhibition, automotive, traffic, business",2.0401,2.0815,happy
https://farm5.staticflickr.com/4758/39468077044_49a29ecd04_b.jpg,2018:02:04,09:16:55,60.170442,24.952139,"architecture, no person, travel, sky, outdoors, old, building, church, religion, ancient",2.0387,1.7796,contented
https://farm5.staticflickr.com/4632/39355585184_72926077ff_b.jpg,2018:02:03,23:55:01,60.230555,25.448055,"sunset, no person, moon, sun, dawn, evening, water, fog, landscape, sky",2.2706,1.497,relaxed
https://farm5.staticflickr.com/4752/26218714588_ea9630c110_b.jpg,2018:02:03,17:54:50,60.174855,24.950030,"bill, business, collage, text, populace, press, editorial, conceptual, newspaper, headline",1.4913,1.882,miserable
https://farm5.staticflickr.com/4695/26218616468_4415201699_b.jpg,2018:02:03,13:29:13,60.176372,24.949852,"winter, snow, no person, water, ice, river, vehicle, travel, landscape, tree",2.282,1.9485,contented
https://farm5.staticflickr.com/4620/25220932677_79f14e3d2f_b.jpg,2018:02:03,13:29:18,60.176422,24.949872,"snow, winter, landscape, cold, ice, weather, frozen, water, tree, lake",1.9847,1.7054,sad
https://farm5.staticflickr.com/4626/25221039797_7cd8a7a509_b.jpg,2018:02:02,16:13:54,60.169922,24.948544,"indoors, no person, room, door, business, security, light, building, house, office",1.8788,1.6045,sad
https://farm5.staticflickr.com/4741/25221039917_2e788c590d_b.jpg,2018:02:02,16:13:46,60.169922,24.948544,"door, indoors, no person, room, entrance, business, family, hallway, doorway, security",1.9657,1.6928,sad
https://farm5.staticflickr.com/4706/39381710944_050766e774_b.jpg,2018:02:02,16:13:30,60.169922,24.948544,"indoors, no person, door, contemporary, luxury, business, window, glass items, architecture, entrance",1.8925,1.6195,sad
https://farm5.staticflickr.com/4755/40058953431_8fc7afcb35_b.jpg,2018:02:02,16:13:33,60.246361,24.749911,"tree, landscape, winter, snow, wood, branch, nature, fog, no person, frost",2.1306,1.6106,serene
https://farm5.staticflickr.com/4695/39139697455_27a5ffdc36_b.jpg,2018:02:02,08:58:40,60.170977,24.932033,"transportation system, no person, vehicle, railway, train, snow, travel, industry, road, people",2.2187,2.1235,happy
https://farm5.staticflickr.com/4753/25166642807_4df26ba2ab_b.jpg,2018:02:02,08:49:07,60.172425,24.941600,"railway, train, subway system, station, no person, locomotive, transportation system, business, indoors, terminal",1.8367,1.9764,miserable
https://farm5.staticflickr.com/4694/25166643017_55dc293cbb_b.jpg,2018:02:02,08:35:15,60.229019,24.966494,"snow, winter, no person, cold, outdoors, bird, ice, people, water, travel",2.1637,2.0366,happy
https://farm5.staticflickr.com/4715/25166643127_af0e6968b2_b.jpg,2018:02:02,08:29:35,60.237469,24.965825,"snow, winter, cold, frost, frozen, ice, frosty weather, weather, nature, season",1.9949,1.7032,sad
https://farm5.staticflickr.com/4677/39223754225_21d404c613_b.jpg,2018:02:02,02:12:12,60.322222,25.080555,"internet, no person, stripe, screen, World Wide Web, technology, monitor, computer, business, horizontal",1.7045,1.7118,sad
https://farm5.staticflickr.com/4748/40006454482_c56c4e0d3f_b.jpg,2018:02:02,12:54:06,60.169013,24.950250,"architecture, building, glass items, window, business, facade, city, urban, office, expression",1.8104,1.8327,miserable
https://farm5.staticflickr.com/4747/40006455132_a22bc89350_b.jpg,2018:02:02,12:13:25,60.169627,24.953241,"people, man, winter, snow, travel, outdoors, recreation, battle, landscape, child",2.1795,2.1205,happy
https://farm5.staticflickr.com/4767/40006605482_1116d08065_b.jpg,2018:02:02,12:10:21,60.170022,24.952641,"people, many, road, city, street, crowd, battle, group, rebellion, rally",1.8939,2.1154,upset
https://farm5.staticflickr.com/4651/28259898549_a73173d89d_b.jpg,2018:02:02,12:13:29,60.169638,24.953238,"snow, winter, travel, sand, landscape, outdoors, beach, ice, danger, weather",2.118,1.9571,contented
https://farm5.staticflickr.com/4711/40026512511_8561cb8bf1_b.jpg,2018:02:01,20:48:05,60.175786,24.956244,"one, sculpture, people, portrait, art, face, adult, monochrome, no person, ancient",2.051,1.799,contented
https://farm5.staticflickr.com/4720/40026517451_53f85e47ee_b.jpg,2018:02:01,20:40:56,60.175744,24.956261,"portrait, people, one, adult, man, festival, indoors, business, writer, wear",1.9553,1.9387,miserable
https://farm5.staticflickr.com/4753/40027531751_d94246ed15_b.jpg,2018:02:01,20:13:00,60.321944,25.077777,"industry, grinder, mine, building, vehicle, production, calamity, no person, transportation system, machine",2.0371,1.9973,contented
https://farm5.staticflickr.com/4754/26154917248_130a63f38d_b.jpg,2018:02:01,20:12:34,60.322222,25.077777,"no person, building, house, architecture, industry, calamity, home, outdoors, fence, travel",2.1247,1.7908,contented
https://farm5.staticflickr.com/4623/28248686309_15ff5bb12e_b.jpg,2018:02:01,20:10:44,60.321666,25.078888,"winter, snow, landscape, weather, storm, light, travel, tree, ice, building",2.0457,1.9275,contented
https://farm5.staticflickr.com/4667/39129528495_e9dcecdefd_b.jpg,2018:02:01,20:15:09,60.321666,25.076944,"winter, snow, weather, ice, calamity, cold, landscape, frozen, storm, tree",1.8957,1.759,miserable
https://farm5.staticflickr.com/4606/26154922648_469f590460_b.jpg,2018:02:01,20:17:35,60.321388,25.075277,"car, vehicle, road, police, storm, snow, accident, calamity, street, winter",1.9127,1.9736,miserable
https://farm5.staticflickr.com/4662/39129524765_9a221c3039_b.jpg,2018:02:01,20:14:42,60.321388,25.076944,"no person, people, calamity, travel, weather, building, winter, storm, outdoors, architecture",2.0442,2.2731,elated
https://farm5.staticflickr.com/4744/28246142079_9d6ce0ce66_b.jpg,2018:02:01,19:52:41,60.176125,24.956177,"landscape, winter, light, smoke, road, city, snow, vehicle, weather, tree",2.0557,1.8402,contented
https://farm5.staticflickr.com/4625/39993703492_a6c7a59243_b.jpg,2018:02:01,19:54:47,60.176075,24.956086,"people, light, city, landscape, building, water, girl, reflection, sunset, urban",2.099,1.8329,contented
https://farm5.staticflickr.com/4746/39221387395_40215c47bf_b.jpg,2018:02:01,18:14:21,60.165572,24.939497,"winter, snow, tree, wood, landscape, weather, cold, park, frost, fog",2.004,1.6418,serene
https://farm5.staticflickr.com/4602/28355374719_de0392dc39_b.jpg,2018:02:01,17:41:39,60.185494,24.833252,"snow, winter, landscape, tree, no person, cold, wood, fog, monochrome, ice",1.946,1.6057,sad
https://farm5.staticflickr.com/4770/25166644627_8466b33540_b.jpg,2018:02:01,17:34:31,60.237102,24.964233,"snow, winter, weather, cold, frost, frozen, road, storm, ice, snowstorm",1.8035,1.7788,miserable
https://farm5.staticflickr.com/4623/25166644437_5128c2148e_b.jpg,2018:02:01,17:37:34,60.237480,24.966397,"no person, snow, winter, travel, landscape, water, outdoors, mine, light, calamity",2.1911,1.9032,contented
https://farm5.staticflickr.com/4617/28258997419_e5df82807e_b.jpg,2018:02:01,17:37:16,60.237450,24.966008,"no person, storm, house, home, snow, landscape, flood, weather, calamity, winter",2.0077,1.8584,contented
https://farm5.staticflickr.com/4649/40011108072_888a11542a_b.jpg,2018:02:01,17:24:41,60.187661,24.604647,"winter, no person, fog, tree, monochrome, wood, nature, snow, mist, landscape",2.1619,1.5342,serene
https://farm5.staticflickr.com/4701/39315235674_b7411ce0d4_b.jpg,2018:02:01,11:25:09,60.186069,24.795319,"winter, snow, fence, no person, people, cemetery, tree, old, art, retro",2.0826,1.7421,serene
https://farm5.staticflickr.com/4747/40039392461_9d0f6ceca2_b.jpg,2018:02:01,11:11:40,60.217222,24.787500,"wood, winter, snow, frost, tree, cold, pine, frozen, spruce, weather",2.0644,1.6473,serene
https://farm5.staticflickr.com/4607/40039391101_af823c7232_b.jpg,2018:02:01,11:07:03,60.215000,24.793055,"snow, winter, tree, fog, wood, no person, cold, landscape, frost, weather",1.9906,1.6525,sad
https://farm5.staticflickr.com/4672/25166645447_3167c315ab_b.jpg,2018:02:01,11:05:43,60.171516,24.924525,"people, winter, snow, group, group together, vehicle, many, street, adult, cold",2.1352,1.9164,contented
https://farm5.staticflickr.com/4628/26144729738_fdb0db0832_b.jpg,2018:02:01,08:57:13,60.192647,24.929247,"snow, winter, track, cold, railway, transportation system, snowstorm, storm, weather, train",1.8995,2.0583,upset
https://farm5.staticflickr.com/4627/28258997719_0bea19a4db_b.jpg,2018:02:01,12:59:32,60.171927,24.921716,"car, snow, winter, vehicle, road, street, transportation system, storm, snowstorm, weather",2.1217,1.9605,contented
https://farm5.staticflickr.com/4613/25166645197_02866521ed_b.jpg,2018:02:01,12:58:47,60.171516,24.922716,"snow, no person, ice, cold, winter, frozen, weather, frost, outdoors, landscape",1.8081,1.6901,sad
https://farm5.staticflickr.com/4711/25192415347_cd7e35362f_b.jpg,2018:02:01,12:14:44,60.169627,24.930175,"vehicle, winter, watercraft, no person, snow, water, weather, travel, calamity, ship",2.2993,2.1167,happy
https://farm5.staticflickr.com/4697/39353853084_08be080db0_b.jpg,2018:02:01,12:14:25,60.169627,24.930175,"rain, wet, weather, cold, environment, H2O, storm, reflection, drop, water",1.9397,1.9961,miserable
https://farm5.staticflickr.com/4720/28285043199_2bd9980f0e_b.jpg,2018:02:01,12:14:36,60.169627,24.930175,"vehicle, no person, environment, watercraft, weather, calamity, transportation system, winter, storm, pollution",2.0381,2.2807,elated
https://farm5.staticflickr.com/4752/39300348654_ef1b2a75cf_b.jpg,2018:01:31,19:54:27,60.168774,24.952064,"street, road, city, traffic, no person, travel, urban, pavement, light, architecture",1.8295,1.8426,miserable
https://farm5.staticflickr.com/4721/40027136501_68e33c6c35_b.jpg,2018:01:31,19:39:46,60.169284,24.950884,"street, sunset, travel, dusk, evening, light, city, road, no person, car",2.1899,1.7768,contented
https://farm5.staticflickr.com/4669/40016430592_992082a1d7_b.jpg,2018:01:31,19:18:06,60.170197,24.944018,"no person, food, shellfish, invertebrate, fish, octopus, nature, desktop, closeup, water",2.3306,1.6353,serene
https://farm5.staticflickr.com/4665/25151400687_27ca975e62_b.jpg,2018:01:31,14:11:21,60.212300,25.000763,"pollution, no person, smoke, water, sunset, grinder, sky, dawn, condensation, city",2.2468,1.7717,contented
https://farm5.staticflickr.com/4703/26117889578_a4cb0a2a82_b.jpg,2018:01:30,21:20:11,60.199943,24.933234,"city, urban, building, travel, architecture, cityscape, town, pollution, outdoors, no person",2.0547,2.0181,happy
https://farm5.staticflickr.com/4752/39381637044_646ce2c4ed_b.jpg,2018:01:30,20:33:51,60.175727,24.956388,"paper, document, note, handwritten, writing, notice, message, handwriting, reminder, business",1.6182,1.6675,sad
https://farm5.staticflickr.com/4606/25120210277_ec8b1f58be_b.jpg,2018:01:30,19:22:32,60.210710,24.945895,"people, street, monochrome, group together, vehicle, adult, group, police, man, offense",2.0411,1.9571,contented
https://farm5.staticflickr.com/4669/25133618327_8bb206bc49_b.jpg,2018:01:30,15:11:21,60.237236,24.966477,"no person, room, vehicle, seat, daylight, light, weather, house, winter, cold",2.0499,1.7801,contented
https://farm5.staticflickr.com/4753/25220975297_8dde798923_b.jpg,2018:01:30,09:49:33,60.175919,24.956247,"wheel, vehicle, race, action, transportation system, no person, auto racing, recreation, military, people",2.1552,2.2976,elated
https://farm5.staticflickr.com/4629/39960092162_8dfb81bc4f_b.jpg,2018:01:30,12:52:42,60.170800,24.937500,"street, light, city, road, evening, travel, car, illuminated, urban, blur",2.0989,1.6967,serene
https://farm5.staticflickr.com/4608/39951809152_2182c4fcd4_b.jpg,2018:01:30,12:01:45,60.210005,25.053747,"car, vehicle, transportation system, winter, fast, snow, wheel, drive, no person, road",2.2293,2.0775,happy
https://farm5.staticflickr.com/4706/39949577642_15b7a77280_b.jpg,2018:01:29,18:36:23,60.175719,24.805413,"monochrome, no person, architecture, light, people, travel, step, city, street, building",2.0381,2.031,happy
https://farm5.staticflickr.com/4699/25094458237_1942b5341a_b.jpg,2018:01:29,16:49:01,60.237219,24.966561,"no person, screen, exploration, people, travel, landscape, industry, technology, action, competition",2.0909,2.2325,happy
https://farm5.staticflickr.com/4713/25264066947_a15947dce9_b.jpg,2018:01:29,09:48:38,60.185447,24.832311,"woman, indoors, sit, business, box, internet, people, adult, man, computer",1.9107,1.8757,miserable
https://farm5.staticflickr.com/4617/25211237037_bfa097d567_b.jpg,2018:01:28,16:57:53,60.318788,24.966772,"blur, traffic, no person, travel, illuminated, action, business, dusk, evening, city",1.9281,2.1599,upset
https://farm5.staticflickr.com/4760/25079350437_4d2aa1eb79_b.jpg,2018:01:28,16:47:53,60.175384,24.946818,"leaf, no person, nature, flora, flower, outdoors, bright, summer, blur, garden",2.4437,1.5218,serene
https://farm5.staticflickr.com/4751/28176393749_209d38cb37_b.jpg,2018:01:28,16:40:49,60.223218,25.060973,"indoors, room, trading floor, architecture, hallway, door, furniture, interior design, contemporary, home",1.9986,1.5967,sad
https://farm5.staticflickr.com/4648/39057920915_8712009483_b.jpg,2018:01:28,16:40:51,60.223186,25.060758,"indoors, room, no person, interior design, architecture, house, furniture, contemporary, trading floor, home",2.0264,1.5881,serene
https://farm5.staticflickr.com/4620/39240253074_5788fb6a5c_b.jpg,2018:01:28,16:21:03,60.175410,24.946453,"flower, blur, nature, bright, sun, no person, leaf, summer, color, light",2.3911,1.5987,serene
https://farm5.staticflickr.com/4724/25094650187_a4e774d4fd_b.jpg,2018:01:28,15:51:53,60.241666,24.739722,"snow, winter, house, street, building, city, architecture, daylight, road, no person",2.1249,1.7312,serene
https://farm5.staticflickr.com/4746/39067404445_f820e93c84_b.jpg,2018:01:28,15:51:00,60.241666,24.739722,"no person, outdoors, architecture, snow, street, winter, travel, city, downtown, business",2.0571,1.9265,contented
https://farm5.staticflickr.com/4616/26093057868_d4b0a5c9b2_b.jpg,2018:01:28,15:48:58,60.241388,24.740277,"house, street, building, architecture, city, winter, daylight, no person, snow, outdoors",2.1405,1.7531,contented
https://farm5.staticflickr.com/4706/26125230278_dfca6574e5_b.jpg,2018:01:28,15:19:48,60.246350,24.749772,"lake, reflection, water, landscape, river, dawn, tree, fog, no person, sunset",2.1646,1.6264,serene
https://farm5.staticflickr.com/4770/25094448297_02b9255be1_b.jpg,2018:01:28,05:28:48,60.237336,24.965983,"sky, technology, illustration, soccer, landscape, desktop, internet, screen, modern, football",2.0242,1.6808,serene
https://farm5.staticflickr.com/4608/26092906488_d903462c12_b.jpg,2018:01:28,05:27:34,60.237219,24.966561,"calamity, no person, environment, landscape, tree, storm, people, weather, light, rain",2.0559,1.945,contented
https://farm5.staticflickr.com/4612/26078236648_fda9420c3d_b.jpg,2018:01:28,12:52:37,60.146397,24.988703,"landscape, water, seashore, beach, travel, sea, no person, rock, ocean, sky",2.4374,1.9376,contented
https://farm5.staticflickr.com/4627/25094449057_bce5bbd77c_b.jpg,2018:01:27,20:54:49,60.237275,24.966100,"horizontal, vertical, empty, pattern, square, people, outdoors, abstract, dark, indoors",1.6829,1.5614,sad
https://farm5.staticflickr.com/4708/28185843179_96b9c32079_b.jpg,2018:01:27,20:55:06,60.237305,24.966025,"chalk, horizontal, no person, chalkboard, education, vertical, writing, business, outdoors, indoors",1.8705,1.8854,miserable
https://farm5.staticflickr.com/4756/39931608541_d3fb1d712d_b.jpg,2018:01:27,19:23:16,60.181663,24.983350,"bridge, city, street, road, light, travel, sunset, architecture, transportation system, urban",2.0843,1.8858,contented
https://farm5.staticflickr.com/4701/25059967027_a474dc5f05_b.jpg,2018:01:27,19:19:14,60.182128,24.985356,"bridge, city, travel, architecture, urban, water, river, transportation system, road, building",2.0852,1.947,contented
https://farm5.staticflickr.com/4677/39032954535_fb43e1f6da_b.jpg,2018:01:27,19:17:41,60.182437,24.985935,"city, bridge, travel, water, transportation system, architecture, urban, river, building, vehicle",2.1352,2.0514,happy
https://farm5.staticflickr.com/4758/25059885727_86a496ab7a_b.jpg,2018:01:27,18:55:41,60.182501,24.981966,"bridge, transportation system, no person, steel, architecture, light, street, travel, modern, sky",2.0717,1.8315,contented
https://farm5.staticflickr.com/4667/28149018139_bcb833969f_b.jpg,2018:01:27,18:42:29,60.160858,24.917397,"toy, child, no person, miniature, people, Lego, man, one, action, travel",2.1498,2.2821,elated
https://farm5.staticflickr.com/4661/39030849715_06c50d9a08_b.jpg,2018:01:27,18:43:50,60.160502,24.916525,"toy, figurine, no person, man, people, sculpture, wood, still life, miniature, figure",2.0684,1.7429,serene
https://farm5.staticflickr.com/4696/28149018229_ef49e40373_b.jpg,2018:01:27,18:42:54,60.160827,24.917336,"toy, winter, no person, people, man, figurine, child, one, competition, action",2.0765,2.2319,happy
https://farm5.staticflickr.com/4697/26056551258_a2c34a5367_b.jpg,2018:01:27,18:41:59,60.160769,24.917894,"no person, technology, connection, equipment, container, isolated, toy, stacks, vehicle, plastic",1.8495,1.6342,sad
https://farm5.staticflickr.com/4712/28149018249_398fd07818_b.jpg,2018:01:27,18:42:07,60.160827,24.918066,"no person, technology, business, isolated, stacks, box, illustration, computer, plastic, show",1.6605,1.5819,sad
https://farm5.staticflickr.com/4612/25137360137_400509fd59_b.jpg,2018:01:27,15:06:35,60.205252,24.886761,"no person, nature, outdoors, wood, bench, water, seat, tree, park, empty",2.184,1.3847,relaxed
https://farm5.staticflickr.com/4755/39216381714_60910ffa6d_b.jpg,2018:01:27,14:50:16,60.137913,24.692302,"wood, tree, moss, landscape, leaf, nature, environment, no person, outdoors, flora",2.2381,1.6125,serene
https://farm5.staticflickr.com/4712/39216438444_ec858c942b_b.jpg,2018:01:27,14:44:22,60.137850,24.691483,"winter, snow, cold, landscape, no person, frost, nature, weather, ice, frozen",1.923,1.6834,sad
https://farm5.staticflickr.com/4656/39028569885_549c72c49c_b.jpg,2018:01:27,14:37:51,60.136652,24.692205,"winter, snow, wood, tree, frost, cold, landscape, weather, season, frozen",2.0545,1.6609,serene
https://farm5.staticflickr.com/4631/26094260148_a0a7e1e1da_b.jpg,2018:01:27,13:34:26,60.187722,24.977475,"street, road, pavement, city, car, urban, traffic, building, transportation system, business",1.8047,1.817,miserable
https://farm5.staticflickr.com/4715/39966368921_e3550273a2_b.jpg,2018:01:27,13:35:45,60.190319,24.978672,"road, street, car, vehicle, transportation system, storm, landscape, light, city, environment",2.0071,1.9079,contented
https://farm5.staticflickr.com/4673/39256399594_22e275f51e_b.jpg,2018:01:27,13:36:13,60.191538,24.979047,"road, street, asphalt, highway, transportation system, guidance, landscape, car, traffic, drive",2.0179,1.9376,contented
https://farm5.staticflickr.com/4702/26094259038_2b692d1faf_b.jpg,2018:01:27,13:36:17,60.191775,24.978986,"road, transportation system, street, car, highway, traffic, vehicle, truck, landscape, storm",1.9371,2.0029,upset
https://farm5.staticflickr.com/4750/26094258938_61945ec41f_b.jpg,2018:01:27,13:35:49,60.190472,24.978775,"road, street, transportation system, vehicle, car, landscape, action, highway, competition, traffic",1.9675,2.0788,upset
https://farm5.staticflickr.com/4745/39068667405_361d2a86cb_b.jpg,2018:01:27,13:35:57,60.190783,24.979047,"road, transportation system, street, highway, car, traffic, asphalt, vehicle, guidance, travel",2.1468,2.1153,happy
https://farm5.staticflickr.com/4743/39256403534_d55964b7ae_b.jpg,2018:01:27,13:35:50,60.190511,24.978808,"road, street, storm, transportation system, highway, no person, landscape, weather, vehicle, asphalt",1.973,1.9412,miserable
https://farm5.staticflickr.com/4719/39256405784_bcd98f625b_b.jpg,2018:01:27,13:35:13,60.189322,24.978233,"no person, road, asphalt, traffic, street, travel, transportation system, outdoors, competition, empty",1.8606,2.0302,upset
https://farm5.staticflickr.com/4606/39966369691_ff88100db9_b.jpg,2018:01:27,13:34:35,60.187980,24.977541,"street, road, police, offense, traffic, city, transportation system, urban, no person, vehicle",1.8526,2.0248,upset
https://farm5.staticflickr.com/4625/26094258728_1070c0deea_b.jpg,2018:01:27,13:36:28,60.192341,24.978777,"road, transportation system, street, car, vehicle, traffic, no person, highway, travel, city",2.0746,2.1209,happy
https://farm5.staticflickr.com/4718/39256405534_0ce39bc209_b.jpg,2018:01:27,13:34:30,60.187788,24.977469,"street, road, city, no person, business, building, architecture, urban, transportation system, travel",1.973,1.9488,miserable
https://farm5.staticflickr.com/4671/39256399434_0053f6a1c0_b.jpg,2018:01:27,13:36:32,60.192513,24.978669,"road, vehicle, storm, street, calamity, transportation system, climate change, car, traffic, action",1.9647,2.0954,upset
https://farm5.staticflickr.com/4664/39068669745_2ecd0282cd_b.jpg,2018:01:27,13:35:48,60.190433,24.978744,"road, transportation system, street, highway, traffic, no person, asphalt, travel, vehicle, car",2.0714,2.0985,happy
https://farm5.staticflickr.com/4746/25095857147_cd949a508b_b.jpg,2018:01:27,13:34:37,60.188022,24.977561,"road, street, transportation system, traffic, car, vehicle, bus, travel, police, city",1.9653,2.1246,upset
https://farm5.staticflickr.com/4677/39935006742_516f22661e_b.jpg,2018:01:27,13:35:26,60.189586,24.978413,"road, transportation system, street, traffic, car, no person, highway, vehicle, travel, city",2.0746,2.1209,happy
https://farm5.staticflickr.com/4719/39068672035_dc71b85c78_b.jpg,2018:01:27,13:34:07,60.187694,24.976888,"road, traffic, street, transportation system, car, urban, city, building, train, vehicle",1.9868,1.9645,miserable
https://farm5.staticflickr.com/4608/39966370001_23dbd1ed6a_b.jpg,2018:01:27,13:35:20,60.189422,24.978258,"road, transportation system, street, traffic, no person, car, vehicle, asphalt, travel, highway",2.0714,2.0985,happy
https://farm5.staticflickr.com/4760/39068671815_12951f7ce2_b.jpg,2018:01:27,13:35:39,60.190155,24.978633,"road, transportation system, street, car, traffic, asphalt, vehicle, highway, no person, travel",2.0714,2.0985,happy
https://farm5.staticflickr.com/4650/25076618557_f39e26fe22_b.jpg,2018:01:26,13:27:48,60.185355,24.856433,"no person, symbol, desktop, illustration, one, image, business, technology, people, food",1.9824,1.5804,sad
https://farm5.staticflickr.com/4723/39388063344_a1190b26b2_b.jpg,2018:01:26,11:32:14,60.201161,24.876255,"winter, snow, mammal, no person, wildlife, nature, cold, bird, animal, outdoors",2.3185,1.9159,contented
https://farm5.staticflickr.com/4704/39213884004_42e3f4a739_b.jpg,2018:01:26,09:23:55,60.171131,24.943321,"street, city, people, travel, architecture, building, sunset, railway, outdoors, vehicle",2.2069,2.1374,happy
https://farm5.staticflickr.com/4705/25022821587_c226c42745_b.jpg,2018:01:25,16:25:52,60.208533,24.947286,"glass items, glass, no person, H2O, indoors, reflection, empty, drink, mirror, monochrome",1.6833,1.6061,sad
https://farm5.staticflickr.com/4615/39858004012_c23c1ac4cd_b.jpg,2018:01:25,14:18:01,60.203116,24.923938,"group, education, school, university, people, many, classroom, meeting, room, business",1.9462,1.9393,miserable
https://farm5.staticflickr.com/4752/26135474108_4bf45ef66f_b.jpg,2018:01:25,11:27:21,60.167492,24.946827,"architecture, building, winter, city, travel, snow, outdoors, sight, old, town",2.109,1.9259,contented
https://farm5.staticflickr.com/4608/26022803678_c2185f3fb7_b.jpg,2018:01:25,12:41:28,60.169377,24.952032,"no person, home, people, administration, architecture, group, government, many, street, group together",2.0329,1.7706,contented
https://farm5.staticflickr.com/4602/39843927642_9e5575fb9c_b.jpg,2018:01:24,18:35:07,60.163508,24.941661,"no person, street, vehicle, travel, transportation system, city, people, road, daylight, outdoors",2.2863,2.1439,happy
https://farm5.staticflickr.com/4612/39842521592_84f14f8ae8_b.jpg,2018:01:24,16:39:20,60.156638,24.855841,"no person, winter, snow, water, ice, frosty, cold, outdoors, landscape, frost",1.9944,1.7367,sad
https://farm5.staticflickr.com/4671/39165054274_e738786038_b.jpg,2018:01:24,11:16:58,60.168418,24.940735,"winter, snow, weather, road, police, cold, snowstorm, storm, people, calamity",1.878,2.0065,upset
https://farm5.staticflickr.com/4768/38972500515_3210ef1caf_b.jpg,2018:01:24,09:24:10,60.192719,24.930397,"winter, track, snow, storm, transportation system, railway, locomotive, train, road, weather",1.955,2.0367,upset
https://farm5.staticflickr.com/4616/25997833798_394dfbdfdb_b.jpg,2018:01:24,12:00:57,60.230555,25.448055,"tree, water, landscape, fog, no person, monochrome, mist, lake, sea, seashore",2.085,1.5438,serene
https://farm5.staticflickr.com/4711/39956818172_7221b449f9_b.jpg,2018:01:23,22:49:47,60.322222,25.080277,"food, rice, no person, delicious, plate, cereal, meal, breakfast, nutrition, chocolate",2.1786,1.5146,serene
https://farm5.staticflickr.com/4629/39956820562_91f00d15f6_b.jpg,2018:01:23,22:40:35,60.322222,25.080555,"no person, food, still life, cooking, grow, wood, flour, indoors, dough, baking",2.2626,1.7839,contented
https://farm5.staticflickr.com/4749/28209091179_0186965344_b.jpg,2018:01:23,22:40:47,60.322222,25.080555,"no person, technology, business, desktop, modern, indoors, equipment, light, computer, food",1.8856,1.623,sad
https://farm5.staticflickr.com/4706/25107044207_70eab0266e_b.jpg,2018:01:23,22:24:14,60.319752,24.967058,"vehicle, transportation system, travel, traffic, road, street, car, calamity, no person, battle",1.9916,2.2087,upset
https://farm5.staticflickr.com/4628/39090240235_c42876d598_b.jpg,2018:01:23,20:16:32,60.322500,25.078055,"winter, snow, storm, weather, light, no person, calamity, cold, building, city",1.919,1.943,miserable
https://farm5.staticflickr.com/4749/25189986627_8cb85c7790_b.jpg,2018:01:23,17:35:00,60.160836,24.918058,"no person, man, people, one, wear, lid, adult, cutout, toy, still life",1.967,1.8053,miserable
https://farm5.staticflickr.com/4747/26188927208_2cca42a768_b.jpg,2018:01:23,17:35:19,60.160805,24.918002,"no person, man, wear, people, one, art, toy, veil, adult, child",2.1396,1.9851,contented
https://farm5.staticflickr.com/4762/24983688727_44c04e531c_b.jpg,2018:01:23,14:34:25,60.144559,24.874227,"sunset, beach, sea, water, ocean, dawn, seashore, seascape, sky, evening",2.522,1.7362,serene
https://farm5.staticflickr.com/4704/39852288471_f1b3356cf3_b.jpg,2018:01:23,11:05:28,60.230555,25.448055,"landscape, winter, tree, water, snow, no person, sunset, lake, dawn, nature",2.3628,1.7372,serene
https://farm5.staticflickr.com/4605/24999779697_63dbce47e9_b.jpg,2018:01:23,09:30:18,60.230555,25.448055,"tree, winter, landscape, dawn, snow, no person, nature, wood, fair weather, frost",2.368,1.6244,serene
https://farm5.staticflickr.com/4627/25985245728_c8e79ecfb4_b.jpg,2018:01:23,09:14:12,60.245072,25.014882,"winter, snow, cold, tree, landscape, fence, water, frost, lake, outdoors",2.103,1.738,serene
https://farm5.staticflickr.com/4666/39854999641_0e34d64145_b.jpg,2018:01:23,09:11:02,60.245817,25.014946,"winter, snow, tree, landscape, cold, dawn, nature, no person, weather, frost",2.1939,1.7202,serene
https://farm5.staticflickr.com/4615/39144592064_14d36cb047_b.jpg,2018:01:23,09:10:39,60.245839,25.015418,"winter, snow, cold, landscape, tree, weather, ice, frost, frozen, wood",1.9573,1.651,sad
https://farm5.staticflickr.com/4743/39818634202_9e2db71fb2_b.jpg,2018:01:23,09:03:32,60.230555,25.448055,"no person, winter, snow, tree, landscape, water, outdoors, sky, sunset, lake",2.4214,1.7692,contented
https://farm5.staticflickr.com/4605/39184180324_f9b6628afe_b.jpg,2018:01:23,12:22:30,60.167561,24.951280,"street, people, monochrome, city, transportation system, bridge, light, travel, music, car",2.221,2.068,happy
https://farm5.staticflickr.com/4604/39135377204_a3e9ae1066_b.jpg,2018:01:22,17:46:32,60.210022,25.072892,"glass items, business, office, modern, window, building, architecture, elevated, expression, skyscraper",1.7845,1.8457,miserable
https://farm5.staticflickr.com/4626/39135413184_c6d62f2383_b.jpg,2018:01:22,17:36:22,60.210049,25.071305,"winter, snow, tree, cold, frost, wood, landscape, season, branch, frozen",2.0426,1.6363,serene
https://farm5.staticflickr.com/4661/38955298215_1b3e158e59_b.jpg,2018:01:22,17:09:35,60.218802,24.849011,"people, recreation, water, landscape, beach, travel, weather, adult, competition, athlete",2.3284,2.0884,happy
https://upload.wikimedia.org/wikipedia/en/4/48/Blank.JPG,2018:01:22,17:08:36,60.213284,25.071326,"art, abstract, no person, illustration, design, disjunct, desktop, pattern, decoration, graphic",1.9472,1.5616,sad
https://farm5.staticflickr.com/4697/38946589635_4bd4e777a0_b.jpg,2018:01:22,16:57:30,60.210379,25.066852,"dirty, wall, paper, retro, abstract, brush, desktop, vintage, urban, texture",1.6285,1.514,sad
https://farm5.staticflickr.com/4675/39135536634_c89135e54c_b.jpg,2018:01:22,16:44:47,60.210209,25.068129,"winter, snow, cold, frost, weather, frozen, building, landscape, ice, wood",1.8488,1.6816,sad
https://farm5.staticflickr.com/4756/25972242128_09c488dfbb_b.jpg,2018:01:22,16:13:20,60.216743,25.063623,"snow, winter, building, house, travel, city, cold, architecture, resort, people",2.0814,1.9712,contented
https://farm5.staticflickr.com/4657/39813028132_47ded6e61c_b.jpg,2018:01:22,15:56:52,60.218337,25.059009,"snow, winter, travel, ice, vehicle, competition, cold, transportation system, no person, race",2.1113,2.2451,happy
https://farm5.staticflickr.com/4611/39813080952_6f2cd32e3d_b.jpg,2018:01:22,15:24:59,60.215843,25.063784,"winter, snow, weather, water, frozen, ice, landscape, cold, no person, environment",1.8841,1.7171,sad
https://farm5.staticflickr.com/4677/39844943111_4baa0d3b46_b.jpg,2018:01:22,15:22:07,60.220601,25.066584,"spray, graffiti, splash, dirty, people, illustration, wear, winter, adult, snow",2.0644,2.0324,happy
https://farm5.staticflickr.com/4602/39844976701_ece10e26b5_b.jpg,2018:01:22,15:06:53,60.219775,25.065693,"snow, winter, tree, wood, house, cold, no person, home, weather, landscape",2.1795,1.6232,serene
https://farm5.staticflickr.com/4743/39812784412_7e3ac934e4_b.jpg,2018:01:22,15:06:37,60.219706,25.066015,"tree, snow, winter, wood, landscape, pine, weather, cold, frost, fog",2.0139,1.6356,serene
https://farm5.staticflickr.com/4657/39801895172_55e9bd343a_b.jpg,2018:01:22,11:58:01,60.204202,24.961183,"indoors, room, hallway, subway system, window, no person, light, trading floor, museum, home",2.0167,1.6042,serene
https://farm5.staticflickr.com/4675/24967032817_2e62643261_b.jpg,2018:01:22,11:38:44,60.228394,24.852202,"tree, fog, winter, landscape, no person, wood, snow, nature, monochrome, mist",2.1619,1.5342,serene
https://farm5.staticflickr.com/4714/25986134198_b491003602_b.jpg,2018:01:22,10:07:13,60.161085,24.889182,"street, bus, transportation system, city, road, vehicle, car, urban, travel, traffic",2.031,2.0603,happy
https://farm5.staticflickr.com/4701/25986299398_867bf00a74_b.jpg,2018:01:22,10:08:33,60.161095,24.889247,"car, transportation system, street, bus, vehicle, traffic, road, city, travel, no person",2.0566,2.1226,happy
https://farm5.staticflickr.com/4708/38938886155_53d35098a5_b.jpg,2018:01:22,07:16:10,60.202468,24.957826,"desktop, cereal, no person, many, seed, bean, texture, crop, food, legume",2.0037,1.5317,serene
https://farm5.staticflickr.com/4628/39349156424_05aa3af311_b.jpg,2018:01:22,12:36:16,60.228300,25.145302,"snow, winter, wood, cold, frost, tree, landscape, weather, season, frozen",2.0545,1.6609,serene
https://farm5.staticflickr.com/4623/38935497215_d29c1ee96f_b.jpg,2018:01:22,12:25:31,60.245094,24.751838,"no person, monochrome, ball, sphere, desktop, shining, abstract, one, glisten, pattern",1.9472,1.7447,sad
https://farm5.staticflickr.com/4760/39149794194_dd6f66f903_b.jpg,2018:01:21,19:39:32,60.114733,24.695377,"landscape, light, tree, sunset, dawn, evening, no person, street, dusk, sky",2.2893,1.4805,relaxed
https://farm5.staticflickr.com/4710/25986712128_ce1481375d_b.jpg,2018:01:21,19:00:37,60.112552,24.704132,"winter, tree, no person, landscape, wood, snow, road, light, outdoors, nature",2.244,1.6244,serene
https://farm5.staticflickr.com/4708/39988212231_77169e20fc_b.jpg,2018:01:23,22:49:38,60.322222,25.080555,"no person, food, health, medicine, ingredients, wood, still life, indoors, cooking, rice",2.1136,1.7545,contented